global_id,consulta,pos_A,pos_B,rr_A,rr_B,hit10_A,hit10_B
doi:10.25824/redu/EO2SEP,Fronteiras Logística agroindustrial Infraestrutura de transporte Fronteira agrícola Máxima entropia,33.0,729.0,0.0303030303030303,0.0013717421124828,False,False
doi:10.25824/redu/VDXUKV,Astronomy and astrophysics Computer and information science,810.5,95.0,0.001233806292412,0.0105263157894736,False,False
doi:10.25824/redu/6JX5HZ,Educação Infantil Pandemia Covid-19,1193.5,12.0,0.0008378718056137,0.0833333333333333,False,False
doi:10.25824/redu/VY9ZXH,Pesquisa qualitativa Pandemia Coronavírus Saúde mental Psicologia médica,1422.0,23.0,0.00070323488045,0.0434782608695652,False,False
doi:10.25824/redu/GHGVXZ,Etnografia Estudos sociais da ciência e da tecnologia Antropologia Mudanças climáticas Amazônia,35.0,17.0,0.0285714285714285,0.0588235294117647,False,False
doi:10.25824/redu/J3MSIS,Beeswax Glycerol monostearate Ethylcellulose Olive oil Sunflower oil Soybean oil,42.0,270.0,0.0238095238095238,0.0037037037037037,False,False
doi:10.25824/redu/6BGXU7,Event understanding Digital forensics,56.0,144.0,0.0178571428571428,0.0069444444444444,False,False
doi:10.25824/redu/PXTWRD,Event understanding Digital forensics,1153.0,49.0,0.0008673026886383,0.0204081632653061,False,False
doi:10.25824/redu/MVQ1DR,Protein function prediction Multilabel classification,32.0,36.0,0.03125,0.0277777777777777,False,False
doi:10.25824/redu/JSH17D,Iconidade Imageabilidade Psicolinguística Processamento de palavras Valência emocional,12.0,14.0,0.0833333333333333,0.0714285714285714,False,False
doi:10.25824/redu/XBA5UR,"Zhang, Daqian, 1899-1983 Arte moderna",1129.0,309.0,0.0008857395925597,0.0032362459546925,False,False
doi:10.25824/redu/XLNKH8,Incêndios Resíduos sólidos Ensaios de ultrassom Argamassa de revestimento Desempenho,17.0,32.0,0.0588235294117647,0.03125,False,False
doi:10.25824/redu/JM2TRB,Emulsões de Pickering Gel Alta pressão,18.0,139.0,0.0555555555555555,0.0071942446043165,False,False
doi:10.25824/redu/CZJV4A,Antropologia forense Sexo Fêmur Rádio Úmero Tíbia,1129.0,94.0,0.0008857395925597,0.0106382978723404,False,False
doi:10.25824/redu/QYHKVN,Metabolism Androgens Puberty Castration Testosterone,1113.5,47.0,0.0008980691513246,0.0212765957446808,False,False
doi:10.25824/redu/CMKDX5,Máquinas agrícolas Segurança,1126.5,46.0,0.0008877052818464,0.0217391304347826,False,False
doi:10.25824/redu/NEGHI4,Turbidez Taninos Proteínas,1125.0,424.0,0.0008888888888888,0.0023584905660377,False,False
doi:10.25824/redu/5R8LNM,Educational data mining Academic transcript,1473.5,156.0,0.000678656260604,0.0064102564102564,False,False
doi:10.25824/redu/WSBMPQ,Complex networks Count data Open data Regional Disparities Scientometrics,26.0,406.0,0.0384615384615384,0.0024630541871921,False,False
doi:10.25824/redu/4VWLGL,Amazon biodiversity INFOGEST,1116.0,111.0,0.0008960573476702,0.009009009009009,False,False
doi:10.25824/redu/89NUBJ,Open science Scientific databases,32.0,77.0,0.03125,0.0129870129870129,False,False
doi:10.25824/redu/5UAXER,Pandemia Maternidade Quarentena Whatsapp Bola de neve,23.0,229.0,0.0434782608695652,0.0043668122270742,False,False
doi:10.25824/redu/RCIVOJ,Quarentena Pandemia Covid-19 Entrevista Sapopemba Livro Relato,28.0,43.0,0.0357142857142857,0.0232558139534883,False,False
doi:10.25824/redu/DSFXZT,Arquivo Arquivos digitais Memória Covid-19 Relatos Quarentena Pandemia,14.0,16.0,0.0714285714285714,0.0625,False,False
doi:10.25824/redu/SM4ZAR,Advanced oxidation processes Inactivation Kinetics Model Radical scavengers Wastewater,1181.5,25.0,0.0008463817181548,0.04,False,False
doi:10.25824/redu/GOXFRI,Matrix composition Carbonate Nitrate Metals E. coli Inactivation ROH,1813.5,263.0,0.0005514199062586,0.0038022813688212,False,False
doi:10.25824/redu/BVWPDS,COVID-19 Instagram Arquivos Memória América Latina História,10.5,12.0,0.0952380952380952,0.0833333333333333,False,False
doi:10.25824/redu/11YHTT,Ambiente de instituições de saúde Condições de trabalho,12.0,41.0,0.0833333333333333,0.024390243902439,False,False
doi:10.25824/redu/DPBPXU,Farmacogenética Reação Adversa,1115.0,18.0,0.000896860986547,0.0555555555555555,False,False
doi:10.25824/redu/X0HHQD,Bioactive compounds Biorefinery Fruit waste by-products Galacturonic acid Green chemistry,36.0,143.0,0.0277777777777777,0.0069930069930069,False,False
doi:10.25824/redu/0TDCNE,Obstetrics Delivery Quality of care,1556.5,28.0,0.0006424670735624,0.0357142857142857,False,False
doi:10.25824/redu/Y6BVR0,Uterus Hysterectomy,1110.0,413.0,0.0009009009009009,0.0024213075060532,False,False
doi:10.25824/redu/DZMKYF,Selective fractionation Biomass conversion Biorefinery Pretreatment technologies Sustainable processing,1170.5,44.0,0.0008543357539513,0.0227272727272727,False,False
doi:10.25824/redu/EAJFVT,Selective fractionation Biomass conversion Biorefinery Pretreatment technologies Sustainable processing,1170.5,937.0,0.0008543357539513,0.0010672358591248,False,False
doi:10.25824/redu/99SBKV,Selective fractionation Biomass conversion Biorefinery Pretreatment technologies Sustainable processing,1170.5,1278.5,0.0008543357539513,0.0007821666014861,False,False
doi:10.25824/redu/IPTCGF,Obesity Fatty liver,1119.0,103.0,0.000893655049151,0.0097087378640776,False,False
doi:10.25824/redu/EKBOQX,Produção do conhecimento Rede de conhecimento Biodiversidade Políticas públicas de saúde Medicamentos fitoterápicos,24.0,16.0,0.0416666666666666,0.0625,False,False
doi:10.25824/redu/2A2PH7,Operating systems Memory management,1175.5,14.0,0.0008507018290089,0.0714285714285714,False,False
doi:10.25824/redu/WISZDD,Dry powder for inhalation Pós inalatórios Phytotherapeutic Fitoterápico Natural antibiotic Antibiótico natural L-leucine L-leucina,1526.0,13.0,0.0006553079947575,0.0769230769230769,False,False
doi:10.25824/redu/QV3INZ,Reinforcement rearning Robotic World model Intrinsic motivation,11.0,59.0,0.0909090909090909,0.0169491525423728,False,False
doi:10.25824/redu/UCCILI,Dor Inflamação Músculo Macrófagos P2X4 PPAR gama,1126.5,134.0,0.0008877052818464,0.0074626865671641,False,False
doi:10.25824/redu/HODAKK,Wearables Atividade física Classificação de atividades Sinais fisiológicos Biomecânica METs,56.0,490.0,0.0178571428571428,0.0020408163265306,False,False
doi:10.25824/redu/QZ4N2A,Wearables Dança de salão Classificação de atividades Sensores vestíveis Biomecânica,1831.5,558.0,0.0005460005460005,0.0017921146953405,False,False
doi:10.25824/redu/U08WSO,Hordeum Microscopy Fungi,1128.5,205.0,0.000886132033673,0.0048780487804878,False,False
doi:10.25824/redu/GW8LRG,Ensino Formação de professores de Química,1003.5,385.0,0.0009965122072745,0.0025974025974025,False,False
doi:10.25824/redu/TOUYPE,Análise de movimento Quedas simuladas Cadeira de rodas Sensores vestíveis Detecção de quedas Biomecânica,1832.5,977.0,0.0005457025920873,0.0010235414534288,False,False
doi:10.25824/redu/AT5UX8,Qualidade do sono Monitoramento do sono Eletroencefalograma Ritmo circadiano Dados fisiológicos Polissonografia Equipamentos vestíveis,1779.5,1295.0,0.0005619556055071,0.0007722007722007,False,False
doi:10.25824/redu/IYGMVP,Saccharum Haplotypes Co-expression networks Metabolism,1157.5,65.0,0.0008639308855291,0.0153846153846153,False,False
doi:10.25824/redu/L72BTJ,"Photography, dental Intraoral X-ray Nanotube, Carbon Source array Tomosynthesis",1193.0,193.0,0.0008382229673093,0.005181347150259,False,False
doi:10.25824/redu/LQQYP4,Saúde pública Administração municipal Políticas públicas,150.0,35.0,0.0066666666666666,0.0285714285714285,False,False
doi:10.25824/redu/QBQSZQ,Xylose Glucose Fermentation,1118.0,118.0,0.0008944543828264,0.0084745762711864,False,False
doi:10.25824/redu/4V5V7P,Música contemporânea Música para piano Música mista Técnicas estendidas Improvisação (Música),14.0,43.0,0.0714285714285714,0.0232558139534883,False,False
doi:10.25824/redu/KOQWCH,Ovarian neoplasms Progonsis Immunohistochemistry,1113.5,71.0,0.0008980691513246,0.0140845070422535,False,False
doi:10.25824/redu/RQK9HG,Chemical kinetics Kinect study Ultrasound Microwave,1243.5,1098.0,0.0008041817450743,0.0009107468123861,False,False
doi:10.25824/redu/4QVQ4E,Meat analogues Alternative protein sources Alternative proteins,21.0,108.0,0.0476190476190476,0.0092592592592592,False,False
doi:10.25824/redu/848QS8,Géis Tecnologia de alimentos,25.0,17.0,0.04,0.0588235294117647,False,False
doi:10.25824/redu/RJLYLJ,Machine learning Yield forecasting Artificial intelligence,18.0,58.0,0.0555555555555555,0.0172413793103448,False,False
doi:10.25824/redu/STWHMD,Medical education Educational measurement Implementation science,1160.5,24.0,0.0008616975441619,0.0416666666666666,False,False
doi:10.25824/redu/DITYMD,Drug nanocarries Stability of lipid nanocapsules,1556.0,71.0,0.0006426735218508,0.0140845070422535,False,False
doi:10.25824/redu/JJX3DK,Cuidado perinatal Educação em Saúde Saúde materna Tecnologia em saúde,167.0,36.0,0.0059880239520958,0.0277777777777777,False,False
doi:10.25824/redu/9RRCDR,Materiais bidimensionais Replication data research paper,96.0,289.0,0.0104166666666666,0.0034602076124567,False,False
doi:10.25824/redu/9HH3VY,Hemoglobins Phosphatidylinositol phosphate kinases Cellular signaling,1118.5,14.0,0.0008940545373267,0.0714285714285714,False,False
doi:10.25824/redu/CJZVMQ,Hyperbolic Conservation Laws Finite volume methods for initial value and initial-boundary value problems involving PDEs Stability and convergence of numerical methods for initial value and initial-boundary value problems involving PDEs,1628.0,32.0,0.0006142506142506,0.03125,False,False
doi:10.25824/redu/PTXZGB,Ecocrítica Giuseppe Arcimboldo Cultura Arte Natureza Meio ambiente,1274.5,52.0,0.0007846214201647,0.0192307692307692,False,False
doi:10.25824/redu/SPJLEJ,Chitosan Tissue engineering Hydroxyapatite Stem cell,1161.0,23.0,0.0008613264427217,0.0434782608695652,False,False
doi:10.25824/redu/QYQYPL,Economia ambiental Investimento direto estrangeiro Balanço de pagamentos - América Latina,52.0,664.0,0.0192307692307692,0.0015060240963855,False,False
doi:10.25824/redu/AMDCEF,Stomach neoplasms Survival,1115.0,14.0,0.000896860986547,0.0714285714285714,False,False
doi:10.25824/redu/BO8LVT,Potentiation Jump height Performance,1151.5,48.0,0.0008684324793747,0.0208333333333333,False,False
doi:10.25824/redu/1VSGJO,Medicina e saúde Ciências da vida,49.0,129.0,0.0204081632653061,0.0077519379844961,False,False
doi:10.25824/redu/UXDFSA,Lycopersicum esculentum L. Cultivo protegido Licopeno Minitomateiro Estufas,1139.0,18.0,0.0008779631255487,0.0555555555555555,False,False
doi:10.25824/redu/Q9Q0FM,Reprodutibilidade dos testes Ambiente de instituições de saúde Condições de trabalho Profissionais de saúde Segurança do paciente,68.0,36.0,0.0147058823529411,0.0277777777777777,False,False
doi:10.25824/redu/EBTL25,Blood test results Blood biochemistry analyses Blood - Analysis,1317.0,416.0,0.0007593014426727,0.0024038461538461,False,False
doi:10.25824/redu/NYA1DN,Estudo de Validação Inquéritos e questionários Reprodutibilidade dos testes Ambiente de instituições de saúde Atenção Primária à Saúde,16.0,67.0,0.0625,0.0149253731343283,False,False
doi:10.25824/redu/UPCDSK,Climate Health,1132.5,20.0,0.0008830022075055,0.05,False,False
doi:10.25824/redu/RNADPU,Plant product Protein modification Pectin Spray drying Omega-3,1282.0,43.0,0.000780031201248,0.0232558139534883,False,False
doi:10.25824/redu/NMLBYJ,Sor Pre-salt X-ray µCt,55.0,469.0,0.0181818181818181,0.0021321961620469,False,False
doi:10.25824/redu/RZJ7XA,Pesquisa Estado da arte Prática pedagógica Ensino de ciências Abordagem Interdisciplinar do conhecimento,47.0,1048.0,0.0212765957446808,0.0009541984732824,False,False
doi:10.25824/redu/NGAOYU,Processo criativo Daguerreótipo Fotografia - Séc XIX Materialidade,1193.0,813.0,0.0008382229673093,0.001230012300123,False,False
doi:10.25824/redu/A1ELBP,Citotoxicidade Análises de caracterização RMN IV TG Ensaios biológicos e biofísicos,19.0,33.0,0.0526315789473684,0.0303030303030303,False,False
doi:10.25824/redu/F5JM8Q,Compensation mechanism Total cost of ownership Net-metering policy,1573.5,2062.0,0.0006355258976803,0.0004849660523763,False,False
doi:10.25824/redu/VMUKEF,Biologia molecular 12 meses,1179.5,936.0,0.0008478168715557,0.001068376068376,False,False
doi:10.25824/redu/56KCFL,Chicken fat Fat,1117.5,34.0,0.0008948545861297,0.0294117647058823,False,False
doi:10.25824/redu/UHSP38,Impacto psicossocial Entrevista Revisão sistemática,1183.0,962.0,0.0008453085376162,0.001039501039501,False,False
doi:10.25824/redu/Y2MJJF,Breast neoplasms Data collection Quantitative analysis Disease models,1514.5,129.0,0.0006602839220864,0.0077519379844961,False,False
doi:10.25824/redu/ZXR7HO,Biopolymers Polymers Conservation Cultural heritage,1126.5,34.0,0.0008877052818464,0.0294117647058823,False,False
doi:10.25824/redu/TJ4QZO,Arte e fotografia Goma bricromatada Processo Van Dyke brown,37.0,31.0,0.027027027027027,0.032258064516129,False,False
doi:10.25824/redu/1STUDK,Escoamento Microfluídica Incrustação Dinâmica de fluidos Inibidores químicos Petróleo,17.0,46.0,0.0588235294117647,0.0217391304347826,False,False
doi:10.25824/redu/CYGXLY,COSMO-SAC Terpenos Solventes verdes,1114.5,86.0,0.0008972633467922,0.0116279069767441,False,False
doi:10.25824/redu/D7HDML,Bioactive compounds Nutrients,1132.5,85.0,0.0008830022075055,0.0117647058823529,False,False
doi:10.25824/redu/BZLMPF,Ubiquitous computing Socioenactive Remote interaction Workshop,11.0,12.0,0.0909090909090909,0.0833333333333333,False,False
doi:10.25824/redu/QO8ICQ,k-Nearest neighbors Machine learning Multi-layer perceptron Multi-output regression Random forest,49.0,240.0,0.0204081632653061,0.0041666666666666,False,False
doi:10.25824/redu/TNJFNA,Kinetoplastid Neglected diseases Leishmaniasis GSK3 Kinase inhibitors,1120.5,508.0,0.000892458723784,0.0019685039370078,False,False
doi:10.25824/redu/NFPAA5,Agricultural engineering Agricultural machinery Agrochemical Pesticide spray application,15.0,35.0,0.0666666666666666,0.0285714285714285,False,False
doi:10.25824/redu/GZRHH0,Cinema Análise fílmica,13.0,159.0,0.0769230769230769,0.0062893081761006,False,False
doi:10.25824/redu/LFKRCY,Women's health Maternal health Scoping review,1220.0,14.0,0.0008196721311475,0.0714285714285714,False,False
doi:10.25824/redu/KIXOQK,Síndrome de Pós-COVID-19 Aguda Estudos de Avaliação como Assunto,75.0,18.0,0.0133333333333333,0.0555555555555555,False,False
doi:10.25824/redu/U98XSQ,Água - Controle de qualidade Bathing suitability Breakwater Coastal erosion Hydrodynamics,414.0,130.0,0.002415458937198,0.0076923076923076,False,False
doi:10.25824/redu/UW7A62,"Grammar, Comparative and general - Adverb Adverbs Cinque hierarchy Syntax Cartography Generative grammar Imperatives",15.0,34.0,0.0666666666666666,0.0294117647058823,False,False
doi:10.25824/redu/FZBMBX,Postthrombotic syndrome Deep vein thrombosis Validations studies,1154.5,15.0,0.0008661758336942,0.0666666666666666,False,False
doi:10.25824/redu/BL7ACB,Óptica Quântica Ótica quântica,1117.0,86.0,0.000895255147717,0.0116279069767441,False,False
doi:10.25824/redu/NSKSPT,Irrigation water Filtration Hidraulics Mathematical model,1186.0,519.0,0.0008431703204047,0.001926782273603,False,False
doi:10.25824/redu/CSJPWB,Atenção primária à saúde Condições sensíveis à atenção primária Estratégia Saúde da Família Avaliação do impacto na saúde,267.0,51.0,0.0037453183520599,0.0196078431372549,False,False
doi:10.25824/redu/DTZ5UI,Chagas disease Medicinal chemistry Hit-to-lead,1430.0,659.0,0.0006993006993006,0.0015174506828528,False,False
doi:10.25824/redu/ENAN1H,Non-linear optics Optical fibers Femtosecond lasers,1153.5,166.0,0.00086692674469,0.0060240963855421,False,False
doi:10.25824/redu/NULZJW,Amazônia Brasil colônia João Daniel Mauricio de Heriarte Duarte Ribeiro de Macedo Fontes coloniais Trabalho Indígena,35.0,50.0,0.0285714285714285,0.02,False,False
doi:10.25824/redu/TMEYU8,Mass spectrometry Omics sciences Chemometrics,1135.5,34.0,0.0008806693086745,0.0294117647058823,False,False
doi:10.25824/redu/FNVRKP,Inquéritos e questionários Impacto psicossocial Estresse ocupacional Local de trabalho Tecnologia da informação Saúde do trabalhador,66.0,1005.0,0.0151515151515151,0.0009950248756218,False,False
doi:10.25824/redu/8S6ZXK,Chagas disease Medicinal chemistry Phenotypic optimization Hit-to-lead,1434.0,1009.0,0.000697350069735,0.0009910802775024,False,False
doi:10.25824/redu/3FPYPI,Models Velocity Reflectivity,1160.5,25.0,0.0008616975441619,0.04,False,False
doi:10.25824/redu/P6BF0E,Hordeum Aspergillus GC-MS,36.0,311.0,0.0277777777777777,0.0032154340836012,False,False
doi:10.25824/redu/NIRNTA,Método Frozen Waves Equações de Maxwell Funções de Bessel,871.0,499.0,0.0011481056257175,0.002004008016032,False,False
doi:10.25824/redu/LR5DT6,Biomass Citrus Orange biomass Celulose Hesperidina Flavonoides Lignina Pectina,1126.5,567.0,0.0008877052818464,0.001763668430335,False,False
doi:10.25824/redu/E06QWN,Biobancos Produtos naturais Descoberta de drogas Agentes antifúngicos,496.0,11.0,0.002016129032258,0.0909090909090909,False,False
doi:10.25824/redu/HAWQ5U,Hydrolysis Extraction Lignocellulosic biomass Biorefinery Bioactive compounds Fermentable sugars,1152.5,36.0,0.0008676789587852,0.0277777777777777,False,False
doi:10.25824/redu/LVUOG0,Medidas de segurança Saúde mental Direito sanitário,90.0,487.0,0.0111111111111111,0.002053388090349,False,False
doi:10.25824/redu/0WK2AW,Protein folding Heat shock proteins Molecular chaperones,1167.0,103.0,0.0008568980291345,0.0097087378640776,False,False
doi:10.25824/redu/TTCQJJ,Aging Health,1129.5,128.0,0.0008853474988933,0.0078125,False,False
doi:10.25824/redu/IAJSLS,Optimization Optimization-simulation Synthetic datasets Real-world benchmark Mathematical modeling,19.0,13.0,0.0526315789473684,0.0769230769230769,False,False
doi:10.25824/redu/HMJEYM,Arte brasileira contemporânea Produções artísticas,33.0,27.0,0.0303030303030303,0.037037037037037,False,False
doi:10.25824/redu/SX8E9T,Computer simulations Ecology Mathematical models,12.0,16.0,0.0833333333333333,0.0625,False,False
doi:10.25824/redu/TYR2HP,"Plants, Fossil Amber",1117.0,79.0,0.000895255147717,0.0126582278481012,False,False
doi:10.25824/redu/KQT3OY,Quimiometria Bio-óleo Cromatografia gasosa Espectrometria de massas Biomassa lignocelulósica,11.0,40.0,0.0909090909090909,0.025,False,False
doi:10.25824/redu/PK7VEY,Topography Topographic maps,1115.5,397.0,0.0008964589870013,0.0025188916876574,False,False
doi:10.25824/redu/7LFQJA,Eletro-oxidação Hidroponia Tratamento de água,1832.5,16.0,0.0005457025920873,0.0625,False,False
doi:10.25824/redu/2AZJZL,Otimização multiobjetivo Método best-worst Bayesiano,1171.5,362.0,0.0008536064874093,0.0027624309392265,False,False
doi:10.25824/redu/7FYKMS,Resinas compostas Esmalte dentário Cárie dentária Remineralização dentária Erosão dental,1119.0,83.0,0.000893655049151,0.0120481927710843,False,False
doi:10.25824/redu/INADAP,Paisagens Geografia,1123.0,23.0,0.0008904719501335,0.0434782608695652,False,False
doi:10.25824/redu/ADYD9D,Aprendizado de máquina Imaginação motora Potenciais evocados,25.0,83.0,0.04,0.0120481927710843,False,False
doi:10.25824/redu/MBHDDR,Lettuce Diseases Loss,1125.5,1336.0,0.0008884940026654,0.0007485029940119,False,False
doi:10.25824/redu/LTUOZV,Medicina regenerativa Células-tronco Líquido amniótico Tecido adiposo Condrogênese,1152.0,629.0,0.0008680555555555,0.0015898251192368,False,False
doi:10.25824/redu/0MWVEU,Cultura popular Registro Arte na rua Arte no campus,753.0,54.0,0.0013280212483399,0.0185185185185185,False,False
doi:10.25824/redu/C65NFD,Taphonomy Fossil bones Petrography Osteohistology,1112.0,35.0,0.0008992805755395,0.0285714285714285,False,False
doi:10.25824/redu/VJRJAZ,Art music Brazilian music 20th century Music 21st century Music Latin American music Edition,1161.5,12.0,0.0008609556607834,0.0833333333333333,False,False
doi:10.25824/redu/YVNY1W,Polymers Synthesis Organic chemistry,1127.0,58.0,0.0008873114463176,0.0172413793103448,False,False
doi:10.25824/redu/C3H4KW,AmazonFACE Amazon Climate change Mathematical models Ecosystem ecology Stomatal conductance Ecophysiology,18.0,11.0,0.0555555555555555,0.0909090909090909,False,False
doi:10.25824/redu/LXQNPD,Zinc sulfide Surface physics Ultrathin films Molecular beam epitaxy X ray photoelectron spectroscopy Low energy electron diffraction Scanning tunelling microscopy X ray photoelectron diffraction,1241.5,24.0,0.0008054772452678,0.0416666666666666,False,False
doi:10.25824/redu/ZTPY8X,Wearable devices Wearable technology,1134.0,39.0,0.0008818342151675,0.0256410256410256,False,False
doi:10.25824/redu/FQKZO7,Non-hermitian physics Disordered systems,1177.0,131.0,0.0008496176720475,0.0076335877862595,False,False
doi:10.25824/redu/XXFTMC,Hydraulics Coastal engineering Ocean waves Ports Mathematical models,1172.5,14.0,0.0008528784648187,0.0714285714285714,False,False
doi:10.25824/redu/EOG0PR,Podoplanina Ativação plaquetária Hemostasia,1116.5,117.0,0.0008956560680698,0.0085470085470085,False,False
doi:10.25824/redu/EU5LPP,By-product Mushroom Future,1297.5,165.0,0.0007707129094412,0.006060606060606,False,False
doi:10.25824/redu/LYB18C,Uterine cervical neoplasms Epigenetics DNA methylation Tumor biomarkers Survival,1133.5,27.0,0.0008822232024702,0.037037037037037,False,False
doi:10.25824/redu/SRMJP8,Phonetics Emphasis Juncture Intonation,1113.0,16.0,0.0008984725965858,0.0625,False,False
doi:10.25824/redu/KNEENZ,Fatigue Nursing diagnoses Standardized Nursing Terminology,1122.0,74.0,0.0008912655971479,0.0135135135135135,False,False
doi:10.25824/redu/6L6KK3,Animation Animation (Cinematography),1110.0,28.0,0.0009009009009009,0.0357142857142857,False,False
